X,Y,nitrogen,phosphorus,potassium
30.704649,76.717873,35,12,18
30.704649,76.717873,40,15,22
30.704649,76.717873,38,14,20
30.704649,76.717873,45,16,25
30.704649,76.717873,42,13,19
30.704649,76.717873,50,18,27
30.704649,76.717873,37,11,17
30.704649,76.717873,44,17,24
