X,Y,nitrogen,phosphorus,potassium
30.704649,76.717873,35,12,18
30.705000,76.718000,40,15,22
30.704500,76.717500,38,14,20
30.705200,76.717700,45,16,25
30.704300,76.717200,42,13,19
30.704800,76.718100,50,18,27
30.704200,76.717400,37,11,17
30.705100,76.717600,44,17,24

