X,Y,nitrogen,phosphorus,potassium
30.704649,76.717873,12,18
30.704649,76.717873,15,22
30.704649,76.717873,14,20
30.704649,76.717873,16,25
30.704649,76.717873,13,19
30.704649,76.717873,18,27
30.704649,76.717873,11,17
30.704649,76.717873,17,24

