name,X,Y,nitrogen,phosphorus,potassium
Point A,76.717873,30.704649,35,12,18
Point B,76.718,30.705,40,14,20
Point C,76.719,30.706,45,16,25
Point D,76.72,30.707,50,18,28
Point E,76.721,30.708,48,17,26
