X,Y,nitrogen,phosphorus,potassium
76.717873,30.704649,35,12,18
76.718873,30.705649,40,15,22
76.719873,30.706649,38,14,20
76.720873,30.707649,45,16,25
76.721873,30.708649,42,13,19
